video_id,title,description,views,likes,dislikes,duration,upload_date,release_date,channel_name,channel_id,channel_url,subscriber_count,thumbnail_url,tags,categories,language,is_live,is_age_restricted,comment_count,share_link,webpage_url,playlist_title,playlist_index,status,error_message,extracted_at,source_url
PWirijQkH4M,World’s Deadliest Obstacle Course!,"The obstacles in this video only get crazier as it goes on… 
Head to Walmart for Cirkul's BIGGEST. DROP. EVER. ⌛️  (while supplies last)  | Wait... who unlocked 🔒 the FLVR LAB Vault?! https://drinkcirkul.com/MrBeast ad cirkulpartner

SUB TO ALL CHANNELS
www.youtube.com/@UCX6OQ3DkcsbYNE6H8uQQuVA
www.youtube.com/@UC4-79UOlP48-QNGgCko5p2g 
www.youtube.com/@UCIPPMRA040LQr5QPyJEbmXA 
www.youtube.com/@UCUaT_39o1x6qWjz7K2pWcgw 
www.youtube.com/@UCAiLfjNXkNv24uhpzUgPa6A 
www.youtube.com/@UCZzvDDvaYti8Dd8bLEiSoyQ 

New Merch - https://mrbeast.store/
Check out Viewstats! - https://www.viewstats.com/

For any questions or inquiries regarding this video, please reach out to chucky@mrbeastbusiness.com

Music Provided by https://www.extrememusic.com/
----------------------------------------------------------------
follow all of these or i will kick you
• Facebook - https://www.facebook.com/MrBeast/
• Twitter - https://twitter.com/MrBeast
•  Instagram - https://www.instagram.com/mrbeast
•  Im Hiring! - https://www.mrbeastjobs.com/
--------------------------------------------------------------------",440212033,6898496,,1705,2024-06-15,,MrBeast,UCX6OQ3DkcsbYNE6H8uQQuVA,https://www.youtube.com/channel/UCX6OQ3DkcsbYNE6H8uQQuVA,508000000,https://i.ytimg.com/vi/PWirijQkH4M/maxresdefault.jpg,[],"[""Entertainment""]",en,False,False,100,https://youtu.be/PWirijQkH4M,https://www.youtube.com/watch?v=PWirijQkH4M,show,2,success,,2026-07-19T14:18:03.668129Z,https://www.youtube.com/watch?v=PWirijQkH4M
erLbbextvlY,7 Days Stranded On An Island,"I can’t believe we actually did this


Play the Official Fortnite Creative Map For This Video Here:
MrBeast Zombie Island 🏝️ - 4231-6172-1988
https://www.fortnite.com/@mrbeast/4231-6172-1988
ad fortnitepartner 

SUB TO ALL CHANNELS
www.youtube.com/@UCX6OQ3DkcsbYNE6H8uQQuVA
www.youtube.com/@UC4-79UOlP48-QNGgCko5p2g 
www.youtube.com/@UCIPPMRA040LQr5QPyJEbmXA 
www.youtube.com/@UCUaT_39o1x6qWjz7K2pWcgw 
www.youtube.com/@UCAiLfjNXkNv24uhpzUgPa6A 
www.youtube.com/@UCZzvDDvaYti8Dd8bLEiSoyQ 

New Merch - https://mrbeast.store/
Check out Viewstats! - https://www.viewstats.com/

For any questions or inquiries regarding this video, please reach out to chucky@mrbeastbusiness.com

Music Provided by https://www.extrememusic.com/
----------------------------------------------------------------
follow all of these or i will kick you
• Facebook - https://www.facebook.com/MrBeast/
• Twitter - https://twitter.com/MrBeast
•  Instagram - https://www.instagram.com/mrbeast
•  Im Hiring! - https://www.mrbeastjobs.com/
--------------------------------------------------------------------",503500433,7750978,,1346,2024-03-30,,MrBeast,UCX6OQ3DkcsbYNE6H8uQQuVA,https://www.youtube.com/channel/UCX6OQ3DkcsbYNE6H8uQQuVA,508000000,https://i.ytimg.com/vi/erLbbextvlY/maxresdefault.jpg,[],"[""Entertainment""]",en,False,False,100,https://youtu.be/erLbbextvlY,https://www.youtube.com/watch?v=erLbbextvlY,show,3,success,,2026-07-19T14:18:03.941760Z,https://www.youtube.com/watch?v=erLbbextvlY
KOEfDvr4DcQ,"Face Your Biggest Fear To Win $800,000","I can’t believe how far he got
Face your fears and start your business on Shopify right now 👉 https://shopify.com/mrbeast ad shopifypartner 
Update: Nolan won the challenge, but you can still buy a MrBeast Football at https://go.shop.app/football

SUB TO ALL CHANNELS
www.youtube.com/@UCX6OQ3DkcsbYNE6H8uQQuVA
www.youtube.com/@UC4-79UOlP48-QNGgCko5p2g 
www.youtube.com/@UCIPPMRA040LQr5QPyJEbmXA 
www.youtube.com/@UCUaT_39o1x6qWjz7K2pWcgw 
www.youtube.com/@UCAiLfjNXkNv24uhpzUgPa6A 
www.youtube.com/@UCZzvDDvaYti8Dd8bLEiSoyQ 

New Merch - https://mrbeast.store/
Check out Viewstats! - https://www.viewstats.com/

For any questions or inquiries regarding this video, please reach out to chucky@mrbeastbusiness.com

Music Provided by https://www.extrememusic.com/

🎵Music licensed from Lickd. The biggest mainstream and stock music platform for content creators. https://go.lickd.co/MrBeast6
The Pure and the Damned by Oneohtrix Point Never: https://opn.ffm.to/tpatd License ID: 2b1kPajr6zq
----------------------------------------------------------------
follow all of these or i will kick you
• Facebook - https://www.facebook.com/MrBeast/
• Twitter - https://twitter.com/MrBeast
•  Instagram - https://www.instagram.com/mrbeast
•  Im Hiring! - https://www.mrbeastjobs.com/
--------------------------------------------------------------------",398505022,6878951,,1323,2024-02-10,,MrBeast,UCX6OQ3DkcsbYNE6H8uQQuVA,https://www.youtube.com/channel/UCX6OQ3DkcsbYNE6H8uQQuVA,508000000,https://i.ytimg.com/vi/KOEfDvr4DcQ/maxresdefault.jpg,[],"[""Entertainment""]",en,False,False,100,https://youtu.be/KOEfDvr4DcQ,https://www.youtube.com/watch?v=KOEfDvr4DcQ,show,4,success,,2026-07-19T14:18:04.264044Z,https://www.youtube.com/watch?v=KOEfDvr4DcQ
4SNThp0YiU4,"50 YouTubers Fight For $1,000,000","I can’t believe how intense this video got
The Samsung Galaxy Ring and Z Flip6 blew my mind in this video – you’ve gotta check them out. Head to Amazon to get yours and also see GalaxyAI in action: https://smsng.us/3LgiqJP ad samsungpartner 

SUB TO ALL CHANNELS
www.youtube.com/@UCX6OQ3DkcsbYNE6H8uQQuVA
www.youtube.com/@UC4-79UOlP48-QNGgCko5p2g 
www.youtube.com/@UCIPPMRA040LQr5QPyJEbmXA 
www.youtube.com/@UCUaT_39o1x6qWjz7K2pWcgw 
www.youtube.com/@UCAiLfjNXkNv24uhpzUgPa6A 
www.youtube.com/@UCZzvDDvaYti8Dd8bLEiSoyQ 

New Merch - https://mrbeast.store/
Check out Viewstats! - https://www.viewstats.com/

For any questions or inquiries regarding this video, please reach out to chucky@mrbeastbusiness.com

Music Provided by https://www.extrememusic.com/
----------------------------------------------------------------
follow all of these or i will kick you
• Facebook - https://www.facebook.com/MrBeast/
• Twitter - https://twitter.com/MrBeast
•  Instagram - https://www.instagram.com/mrbeast
•  Im Hiring! - https://www.mrbeastjobs.com/
--------------------------------------------------------------------

Disclaimers: The heart rate software functions are not intended for use in the diagnosis of disease or other conditions, or in the cure, mitigation, treatment or prevention of disease. The Samsung Galaxy Ring requires a compatible smartphone and Samsung Health app.",478720121,9769636,,2487,2024-07-13,,MrBeast,UCX6OQ3DkcsbYNE6H8uQQuVA,https://www.youtube.com/channel/UCX6OQ3DkcsbYNE6H8uQQuVA,508000000,https://i.ytimg.com/vi/4SNThp0YiU4/maxresdefault.jpg,[],"[""Entertainment""]",en,False,False,100,https://youtu.be/4SNThp0YiU4,https://www.youtube.com/watch?v=4SNThp0YiU4,show,1,success,,2026-07-19T14:18:05.776286Z,https://www.youtube.com/watch?v=4SNThp0YiU4
9RhWXPcKBI8,"Survive 100 Days Trapped, Win $500,000","This video got crazier the longer we kept filming lol 
Don’t miss your chance to get on MrBeast’s gift list! Submit your wish in the Shop App: 
https://go.shop.app/gift ad ShopAppPartner

SUB TO ALL CHANNELS
www.youtube.com/@UCX6OQ3DkcsbYNE6H8uQQuVA
www.youtube.com/@UC4-79UOlP48-QNGgCko5p2g 
www.youtube.com/@UCIPPMRA040LQr5QPyJEbmXA 
www.youtube.com/@UCUaT_39o1x6qWjz7K2pWcgw 
www.youtube.com/@UCAiLfjNXkNv24uhpzUgPa6A 
www.youtube.com/@UCZzvDDvaYti8Dd8bLEiSoyQ 

New Merch - https://mrbeast.store/
Check out Viewstats! - https://www.viewstats.com/

For any questions or inquiries regarding this video, please reach out to chucky@mrbeastbusiness.com

Music Provided by https://www.extrememusic.com/
----------------------------------------------------------------
follow all of these or i will kick you
• Facebook - https://www.facebook.com/MrBeast/
• Twitter - https://twitter.com/MrBeast
•  Instagram - https://www.instagram.com/mrbeast
•  Im Hiring! - https://www.mrbeastjobs.com/
--------------------------------------------------------------------",461550437,6953458,,1628,2023-12-16,,MrBeast,UCX6OQ3DkcsbYNE6H8uQQuVA,https://www.youtube.com/channel/UCX6OQ3DkcsbYNE6H8uQQuVA,508000000,https://i.ytimg.com/vi/9RhWXPcKBI8/maxresdefault.jpg,[],"[""Entertainment""]",en,False,False,100,https://youtu.be/9RhWXPcKBI8,https://www.youtube.com/watch?v=9RhWXPcKBI8,show,6,success,,2026-07-19T14:18:09.953261Z,https://www.youtube.com/watch?v=9RhWXPcKBI8
krsBRQbOPQ4,"$1 vs $250,000,000 Private Island!","Watch until the end to see how crazy the last island is 
Play my ALL NEW MrBeast’s Disco Dop level in Stumble Guys today! Download now to also build your own MrBeast level in the Workshop: https://stumbleguys.onelink.me/Zh4x/MrBeastYT. [SWEEPSTAKES ENTRY PERIOD HAS ENDED] ad StumbleGuysPartner

SUB TO ALL CHANNELS
www.youtube.com/@UCX6OQ3DkcsbYNE6H8uQQuVA
www.youtube.com/@UC4-79UOlP48-QNGgCko5p2g 
www.youtube.com/@UCIPPMRA040LQr5QPyJEbmXA 
www.youtube.com/@UCUaT_39o1x6qWjz7K2pWcgw 
www.youtube.com/@UCAiLfjNXkNv24uhpzUgPa6A 
www.youtube.com/@UCZzvDDvaYti8Dd8bLEiSoyQ 

New Merch - https://mrbeast.store/
Check out Viewstats! - https://www.viewstats.com/

For any questions or inquiries regarding this video, please reach out to chucky@mrbeastbusiness.com

Music Provided by https://www.extrememusic.com/
----------------------------------------------------------------
follow all of these or i will kick you
• Facebook - https://www.facebook.com/MrBeast/
• Twitter - https://twitter.com/MrBeast
•  Instagram - https://www.instagram.com/mrbeast
•  Im Hiring! - https://www.mrbeastjobs.com/
--------------------------------------------------------------------

NO PURCHASE NECESSARY. Open to US residents (excl. NY & FL; incl. DC), 18+ (19+ AL/NE; 21+ MS) at entry. Starts 1/27/24 at 12:00pm ET. Ends 2/3/24 at 11:59pm ET. To enter visit https://stumbleguys.onelink.me/Zh4x/MrBeastYT. Void where prohibited and outside US. Prize: one (1) $10k cash prize. Sponsor: MrBeastYouTube, LLC. Odds of winning depend on number of eligible entries rec’d. Other terms apply. See https://bit.ly/MrBeastSweepstakes_OfficialRules",405197028,6063819,,1019,2024-01-27,,MrBeast,UCX6OQ3DkcsbYNE6H8uQQuVA,https://www.youtube.com/channel/UCX6OQ3DkcsbYNE6H8uQQuVA,508000000,https://i.ytimg.com/vi/krsBRQbOPQ4/maxresdefault.jpg,[],"[""Entertainment""]",en,False,False,100,https://youtu.be/krsBRQbOPQ4,https://www.youtube.com/watch?v=krsBRQbOPQ4,show,5,success,,2026-07-19T14:18:10.096963Z,https://www.youtube.com/watch?v=krsBRQbOPQ4
tnTPaLOaHz8,"$10,000 Every Day You Survive In A Grocery Store","I didn’t expect him to stay that long 
Shop Kanga Coolers, powered by Shopify: https://go.shop.app/kangacoolers ad shopifypartner 

Special thanks to: 
Albertsons - https://bit.ly/MrBeastxSafeway
Starry - https://bit.ly/MrBeastxStarryLemonLime
Rockstar - https://bit.ly/MrBeastxRockstar
Country Crock - https://bit.ly/MrBeastxCountryCrock
Red Baron - https://bit.ly/MrBeastxRedBaron
Vita Coco - https://bit.ly/MrBeastxVitaCoco
DUDE Wipes - https://bit.ly/MrBeastxDudeWipes
Goldfish® - https://bit.ly/MrBeastxGoldfishCrackers
Kettle Brand® - https://bit.ly/MrBeastxKettleBrand


SUB TO ALL CHANNELS
www.youtube.com/@UCX6OQ3DkcsbYNE6H8uQQuVA
www.youtube.com/@UC4-79UOlP48-QNGgCko5p2g 
www.youtube.com/@UCIPPMRA040LQr5QPyJEbmXA 
www.youtube.com/@UCUaT_39o1x6qWjz7K2pWcgw 
www.youtube.com/@UCAiLfjNXkNv24uhpzUgPa6A 
www.youtube.com/@UCZzvDDvaYti8Dd8bLEiSoyQ 

New Merch - https://mrbeast.store/
Check out Viewstats! - https://www.viewstats.com/

For any questions or inquiries regarding this video, please reach out to chucky@mrbeastbusiness.com

Music Provided by https://www.extrememusic.com/
----------------------------------------------------------------
follow all of these or i will kick you
• Facebook - https://www.facebook.com/MrBeast/
• Twitter - https://twitter.com/MrBeast
•  Instagram - https://www.instagram.com/mrbeast
•  Im Hiring! - https://www.mrbeastjobs.com/
--------------------------------------------------------------------",531865651,7609936,,1292,2023-12-02,,MrBeast,UCX6OQ3DkcsbYNE6H8uQQuVA,https://www.youtube.com/channel/UCX6OQ3DkcsbYNE6H8uQQuVA,508000000,https://i.ytimg.com/vi/tnTPaLOaHz8/maxresdefault.jpg,[],"[""Entertainment""]",en-US,False,False,100,https://youtu.be/tnTPaLOaHz8,https://www.youtube.com/watch?v=tnTPaLOaHz8,show,7,success,,2026-07-19T14:18:10.368328Z,https://www.youtube.com/watch?v=tnTPaLOaHz8
3ryID_SwU5E,"$1 vs $100,000,000 House!","I can’t believe how expensive the last house is

In case you want to buy the $139,000,000 House... https://www.instagram.com/1200belair/

SUB TO ALL CHANNELS
www.youtube.com/@UCX6OQ3DkcsbYNE6H8uQQuVA
www.youtube.com/@UC4-79UOlP48-QNGgCko5p2g 
www.youtube.com/@UCIPPMRA040LQr5QPyJEbmXA 
www.youtube.com/@UCUaT_39o1x6qWjz7K2pWcgw 
www.youtube.com/@UCAiLfjNXkNv24uhpzUgPa6A 
www.youtube.com/@UCZzvDDvaYti8Dd8bLEiSoyQ 

New Merch - https://mrbeast.store/
Check out Viewstats! - https://www.viewstats.com/

For any questions or inquiries regarding this video, please reach out to chucky@mrbeastbusiness.com

Music Provided by https://www.extrememusic.com/
----------------------------------------------------------------
follow all of these or i will kick you
• Facebook - https://www.facebook.com/MrBeast/
• Twitter - https://twitter.com/MrBeast
•  Instagram - https://www.instagram.com/mrbeast
•  Im Hiring! - https://www.mrbeastjobs.com/
--------------------------------------------------------------------


Discover over 1 million mainstream tracks for your YouTube videos at Lickd: https://go.lickd.co/mb3
Track:“Up & Down” by The Chainsmokers, 347aidan License ID:  MEgkVpMo6r5
Link: https://thechainsmokers.lnk.to/UAD",433924240,6529253,,1022,2023-10-14,,MrBeast,UCX6OQ3DkcsbYNE6H8uQQuVA,https://www.youtube.com/channel/UCX6OQ3DkcsbYNE6H8uQQuVA,508000000,https://i.ytimg.com/vi/3ryID_SwU5E/maxresdefault.jpg,[],"[""Entertainment""]",en,False,False,100,https://youtu.be/3ryID_SwU5E,https://www.youtube.com/watch?v=3ryID_SwU5E,show,8,success,,2026-07-19T14:18:12.335281Z,https://www.youtube.com/watch?v=3ryID_SwU5E
KrLj6nc516A,"$1 vs $100,000,000 Car!","I have no idea why the last car was so expensive
See how cool the Samsung Galaxy Z Flip5 is for yourself: https://smsng.us/MrBeastZFlip5
Check out the Samsung Galaxy S23 Ultra, the official vlog cam of the MrBeast channel: https://smsng.us/MrBeastS23 ad samsungpartner samsunggalaxy 


SUB TO ALL CHANNELS
www.youtube.com/@UCX6OQ3DkcsbYNE6H8uQQuVA
www.youtube.com/@UC4-79UOlP48-QNGgCko5p2g 
www.youtube.com/@UCIPPMRA040LQr5QPyJEbmXA 
www.youtube.com/@UCUaT_39o1x6qWjz7K2pWcgw 
www.youtube.com/@UCAiLfjNXkNv24uhpzUgPa6A 
www.youtube.com/@UCZzvDDvaYti8Dd8bLEiSoyQ 

New Merch - https://mrbeast.store/
Check out Viewstats! - https://www.viewstats.com/

For any questions or inquiries regarding this video, please reach out to chucky@mrbeastbusiness.com

Music Provided by https://www.extrememusic.com/
----------------------------------------------------------------
follow all of these or i will kick you
• Facebook - https://www.facebook.com/MrBeast/
• Twitter - https://twitter.com/MrBeast
•  Instagram - https://www.instagram.com/mrbeast
•  Im Hiring! - https://www.mrbeastjobs.com/
--------------------------------------------------------------------


Driving in this video was performed under supervision of professionals and law enforcement. Follow traffic laws and do not attempt to recreate.",568751849,8220096,,988,2023-09-16,,MrBeast,UCX6OQ3DkcsbYNE6H8uQQuVA,https://www.youtube.com/channel/UCX6OQ3DkcsbYNE6H8uQQuVA,508000000,https://i.ytimg.com/vi/KrLj6nc516A/maxresdefault.jpg,[],"[""Entertainment""]",en,False,False,100,https://youtu.be/KrLj6nc516A,https://www.youtube.com/watch?v=KrLj6nc516A,show,9,success,,2026-07-19T14:18:15.873594Z,https://www.youtube.com/watch?v=KrLj6nc516A
jObOjhUkf50,"$1 vs $250,000 Vacation!","I did not expect the $250,000 vacation to be that crazy…

Thank you teamLab Planets TOKYO for letting us film!

Thanks to the Pullman Paris Tour Eiffel -  http://www.instagram.com/pullmantoureiffel

All filming at the Eiffel Tower required the authorizations and supervision from SETE: Société d'Exploitation de la Tour Eiffel (operating company of the Eiffel Tower). Thank you to SETE and their staff. 

Shoutout to CGGeek for the outro VFK! - https://www.youtube.com/c/CGGeek

SUB TO ALL CHANNELS
www.youtube.com/@UCX6OQ3DkcsbYNE6H8uQQuVA
www.youtube.com/@UC4-79UOlP48-QNGgCko5p2g 
www.youtube.com/@UCIPPMRA040LQr5QPyJEbmXA 
www.youtube.com/@UCUaT_39o1x6qWjz7K2pWcgw 
www.youtube.com/@UCAiLfjNXkNv24uhpzUgPa6A 
www.youtube.com/@UCZzvDDvaYti8Dd8bLEiSoyQ 

New Merch - https://mrbeast.store/
Check out Viewstats! - https://www.viewstats.com/

For any questions or inquiries regarding this video, please reach out to chucky@mrbeastbusiness.com

Music Provided by https://www.extrememusic.com/

Discover over 1 million mainstream tracks for your YouTube videos at Lickd: https://go.lickd.co/mb3

Track: Also Sprach Zarathustra: Einleitung, oder Sonnenaufgang (From ""2001: A Space Odyssey"") by The City of Prague Philharmonic Orchestra.
License ID: kPD1jPZN2xJ http://lickd.lnk.to/ZLK5sBIm
----------------------------------------------------------------
follow all of these or i will kick you
• Facebook - https://www.facebook.com/MrBeast/
• Twitter - https://twitter.com/MrBeast
•  Instagram - https://www.instagram.com/mrbeast
•  Im Hiring! - https://www.mrbeastjobs.com/
--------------------------------------------------------------------",452912463,6863992,,957,2023-08-12,,MrBeast,UCX6OQ3DkcsbYNE6H8uQQuVA,https://www.youtube.com/channel/UCX6OQ3DkcsbYNE6H8uQQuVA,508000000,https://i.ytimg.com/vi/jObOjhUkf50/maxresdefault.jpg,[],"[""Entertainment""]",en,False,False,100,https://youtu.be/jObOjhUkf50,https://www.youtube.com/watch?v=jObOjhUkf50,show,10,success,,2026-07-19T14:18:16.530405Z,https://www.youtube.com/watch?v=jObOjhUkf50
yhB3BgJyGl8,7 Days Stranded At Sea,"🚀 Launch a store on Shopify right now 👉 https://shopify.com/mrbeast ad shopifypartner 

Go get your free box of Feastables while supplies lasts https://go.shop.app/feastables feastablespartner 

SUB TO ALL CHANNELS
www.youtube.com/@UCX6OQ3DkcsbYNE6H8uQQuVA
www.youtube.com/@UC4-79UOlP48-QNGgCko5p2g 
www.youtube.com/@UCIPPMRA040LQr5QPyJEbmXA 
www.youtube.com/@UCUaT_39o1x6qWjz7K2pWcgw 
www.youtube.com/@UCAiLfjNXkNv24uhpzUgPa6A 
www.youtube.com/@UCZzvDDvaYti8Dd8bLEiSoyQ 

New Merch - https://mrbeast.store/
Check out Viewstats! - https://www.viewstats.com/

For any questions or inquiries regarding this video, please reach out to chucky@mrbeastbusiness.com

Music Provided by https://www.extrememusic.com/
----------------------------------------------------------------
follow all of these or i will kick you
• Facebook - https://www.facebook.com/MrBeast/
• Twitter - https://twitter.com/MrBeast
•  Instagram - https://www.instagram.com/mrbeast
•  Im Hiring! - https://www.mrbeastjobs.com/
--------------------------------------------------------------------",434313385,8413599,,1085,2023-08-05,,MrBeast,UCX6OQ3DkcsbYNE6H8uQQuVA,https://www.youtube.com/channel/UCX6OQ3DkcsbYNE6H8uQQuVA,508000000,https://i.ytimg.com/vi/yhB3BgJyGl8/maxresdefault.jpg,[],"[""Entertainment""]",en,False,False,100,https://youtu.be/yhB3BgJyGl8,https://www.youtube.com/watch?v=yhB3BgJyGl8,show,11,success,,2026-07-19T14:18:17.409013Z,https://www.youtube.com/watch?v=yhB3BgJyGl8
48h57PspBec,"$1 vs $1,000,000,000 Yacht!","Buy Feastables anywhere to get a secret MrBeast video: https://bit.ly/_feastables ad feastablespartner 

Go watch Pete Davidson's new show ""Bupkis"" now live on Peacock!""
https://youtu.be/2x6h2VJ_m-c PeacockPartner

Check out the all new ""Icon of the Seas"" coming 2024: https://bit.ly/Icon_OfThe_Seas
royalcaribbeanpartner

Also, check out the ship Harmony of the Seas which is actually 18 floors, not 17! https://bit.ly/Harmony_OfThe_Seas

SUB TO ALL CHANNELS
www.youtube.com/@UCX6OQ3DkcsbYNE6H8uQQuVA
www.youtube.com/@UC4-79UOlP48-QNGgCko5p2g 
www.youtube.com/@UCIPPMRA040LQr5QPyJEbmXA 
www.youtube.com/@UCUaT_39o1x6qWjz7K2pWcgw 
www.youtube.com/@UCAiLfjNXkNv24uhpzUgPa6A 
www.youtube.com/@UCZzvDDvaYti8Dd8bLEiSoyQ 

New Merch - https://mrbeast.store/
Check out Viewstats! - https://www.viewstats.com/

For any questions or inquiries regarding this video, please reach out to chucky@mrbeastbusiness.com

Music Provided by https://www.extrememusic.com/
----------------------------------------------------------------
follow all of these or i will kick you
• Facebook - https://www.facebook.com/MrBeast/
• Twitter - https://twitter.com/MrBeast
•  Instagram - https://www.instagram.com/mrbeast
•  Im Hiring! - https://www.mrbeastjobs.com/
--------------------------------------------------------------------",560631108,8486395,,887,2023-06-10,,MrBeast,UCX6OQ3DkcsbYNE6H8uQQuVA,https://www.youtube.com/channel/UCX6OQ3DkcsbYNE6H8uQQuVA,508000000,https://i.ytimg.com/vi/48h57PspBec/maxresdefault.jpg,[],"[""Entertainment""]",en,False,False,100,https://youtu.be/48h57PspBec,https://www.youtube.com/watch?v=48h57PspBec,show,12,success,,2026-07-19T14:18:18.741246Z,https://www.youtube.com/watch?v=48h57PspBec
FM7Z-Xq8Drc,"Ages 1 - 100 Fight For $500,000","Claim a piece of MrBeast history — buy a prop in the Shop app for $0.01 https://go.shop.app/mrbeast ad shopifypartner ShopApp

Thanks to Lickd for providing the music for this video! Discover tracks for your YouTube videos here: https://go.lickd.co/mb1
Track: Whisper by The Dear Hunter, License ID: B0yLW6gQwQ4  
https://lickd.lnk.to/EAnwiV

Also thank you Concept Pixel for the LED Wall, it looked great!
 www.conceptpixels.com

SUB TO ALL CHANNELS
www.youtube.com/@UCX6OQ3DkcsbYNE6H8uQQuVA
www.youtube.com/@UC4-79UOlP48-QNGgCko5p2g 
www.youtube.com/@UCIPPMRA040LQr5QPyJEbmXA 
www.youtube.com/@UCUaT_39o1x6qWjz7K2pWcgw 
www.youtube.com/@UCAiLfjNXkNv24uhpzUgPa6A 
www.youtube.com/@UCZzvDDvaYti8Dd8bLEiSoyQ 

New Merch - https://mrbeast.store/
Check out Viewstats! - https://www.viewstats.com/

For any questions or inquiries regarding this video, please reach out to chucky@mrbeastbusiness.com

Music Provided by https://www.extrememusic.com/
----------------------------------------------------------------
follow all of these or i will kick you
• Facebook - https://www.facebook.com/MrBeast/
• Twitter - https://twitter.com/MrBeast
•  Instagram - https://www.instagram.com/mrbeast
•  Im Hiring! - https://www.mrbeastjobs.com/
--------------------------------------------------------------------",468075234,6742730,,1535,2023-05-27,,MrBeast,UCX6OQ3DkcsbYNE6H8uQQuVA,https://www.youtube.com/channel/UCX6OQ3DkcsbYNE6H8uQQuVA,508000000,https://i.ytimg.com/vi/FM7Z-Xq8Drc/maxresdefault.jpg,[],"[""Entertainment""]",en,False,False,100,https://youtu.be/FM7Z-Xq8Drc,https://www.youtube.com/watch?v=FM7Z-Xq8Drc,show,13,success,,2026-07-19T14:18:22.235269Z,https://www.youtube.com/watch?v=FM7Z-Xq8Drc
iogcY_4xGjo,"$1 vs $1,000,000 Hotel Room!","The hotel at the end is worth the wait!

Download the Experian App: https://smart.link/n3op1gefxlzjn or Visit Experian.com/Boost.

 “Results will vary. Not all payments are boost-eligible or considered by lenders. Credit Card offers are not available in all states. See website for details.”

Check out Conrad Maldives Rangali Island!
Facebook @conradmaldivesrangaliIsland
Youtube https://www.youtube.com/c/ConradMaldivesRangaliIsland

SUB TO ALL CHANNELS
www.youtube.com/@UCX6OQ3DkcsbYNE6H8uQQuVA
www.youtube.com/@UC4-79UOlP48-QNGgCko5p2g 
www.youtube.com/@UCIPPMRA040LQr5QPyJEbmXA 
www.youtube.com/@UCUaT_39o1x6qWjz7K2pWcgw 
www.youtube.com/@UCAiLfjNXkNv24uhpzUgPa6A 
www.youtube.com/@UCZzvDDvaYti8Dd8bLEiSoyQ 

New Merch - https://mrbeast.store/
Check out Viewstats! - https://www.viewstats.com/

For any questions or inquiries regarding this video, please reach out to chucky@mrbeastbusiness.com

Music Provided by https://www.extrememusic.com/
----------------------------------------------------------------
follow all of these or i will kick you
• Facebook - https://www.facebook.com/MrBeast/
• Twitter - https://twitter.com/MrBeast
•  Instagram - https://www.instagram.com/mrbeast
•  Im Hiring! - https://www.mrbeastjobs.com/
--------------------------------------------------------------------",458120256,7754639,,940,2022-10-22,,MrBeast,UCX6OQ3DkcsbYNE6H8uQQuVA,https://www.youtube.com/channel/UCX6OQ3DkcsbYNE6H8uQQuVA,508000000,https://i.ytimg.com/vi/iogcY_4xGjo/maxresdefault.jpg,[],"[""Entertainment""]",en,False,False,100,https://youtu.be/iogcY_4xGjo,https://www.youtube.com/watch?v=iogcY_4xGjo,show,16,success,,2026-07-19T14:18:24.937578Z,https://www.youtube.com/watch?v=iogcY_4xGjo
1WEAJ-DFkHE,"$1 vs $500,000 Plane Ticket!","Check out ALL of MrBeast’s awesome jobs or discover a new opportunity at https://bit.ly/MrBeast_ZipRecruiter ad ziprecruiterpartner

SUB TO ALL CHANNELS
www.youtube.com/@UCX6OQ3DkcsbYNE6H8uQQuVA
www.youtube.com/@UC4-79UOlP48-QNGgCko5p2g 
www.youtube.com/@UCIPPMRA040LQr5QPyJEbmXA 
www.youtube.com/@UCUaT_39o1x6qWjz7K2pWcgw 
www.youtube.com/@UCAiLfjNXkNv24uhpzUgPa6A 
www.youtube.com/@UCZzvDDvaYti8Dd8bLEiSoyQ 

New Merch - https://mrbeast.store/
Check out Viewstats! - https://www.viewstats.com/

For any questions or inquiries regarding this video, please reach out to chucky@mrbeastbusiness.com

Music Provided by https://www.extrememusic.com/
----------------------------------------------------------------
follow all of these or i will kick you
• Facebook - https://www.facebook.com/MrBeast/
• Twitter - https://twitter.com/MrBeast
•  Instagram - https://www.instagram.com/mrbeast
•  Im Hiring! - https://www.mrbeastjobs.com/
--------------------------------------------------------------------",570553507,9119476,,740,2023-04-01,,MrBeast,UCX6OQ3DkcsbYNE6H8uQQuVA,https://www.youtube.com/channel/UCX6OQ3DkcsbYNE6H8uQQuVA,508000000,https://i.ytimg.com/vi/1WEAJ-DFkHE/maxresdefault.jpg,[],"[""Entertainment""]",en,False,False,100,https://youtu.be/1WEAJ-DFkHE,https://www.youtube.com/watch?v=1WEAJ-DFkHE,show,14,success,,2026-07-19T14:18:25.199347Z,https://www.youtube.com/watch?v=1WEAJ-DFkHE
YLt73w6criQ,I Paid A Real Assassin To Try To Kill Me,"File with TurboTax today to get your biggest refund possible 🤑
 http://bit.ly/MrBeastxTurboTax ad turbotaxpartner

SUB TO ALL CHANNELS
www.youtube.com/@UCX6OQ3DkcsbYNE6H8uQQuVA
www.youtube.com/@UC4-79UOlP48-QNGgCko5p2g 
www.youtube.com/@UCIPPMRA040LQr5QPyJEbmXA 
www.youtube.com/@UCUaT_39o1x6qWjz7K2pWcgw 
www.youtube.com/@UCAiLfjNXkNv24uhpzUgPa6A 
www.youtube.com/@UCZzvDDvaYti8Dd8bLEiSoyQ 

New Merch - https://mrbeast.store/
Check out Viewstats! - https://www.viewstats.com/

For any questions or inquiries regarding this video, please reach out to chucky@mrbeastbusiness.com

Music Provided by https://www.extrememusic.com/
----------------------------------------------------------------
follow all of these or i will kick you
• Facebook - https://www.facebook.com/MrBeast/
• Twitter - https://twitter.com/MrBeast
•  Instagram - https://www.instagram.com/mrbeast
•  Im Hiring! - https://www.mrbeastjobs.com/
--------------------------------------------------------------------",339228196,6501987,,737,2023-03-18,,MrBeast,UCX6OQ3DkcsbYNE6H8uQQuVA,https://www.youtube.com/channel/UCX6OQ3DkcsbYNE6H8uQQuVA,508000000,https://i.ytimg.com/vi/YLt73w6criQ/maxresdefault.jpg,[],"[""Entertainment""]",en,False,False,100,https://youtu.be/YLt73w6criQ,https://www.youtube.com/watch?v=YLt73w6criQ,show,15,success,,2026-07-19T14:18:25.789780Z,https://www.youtube.com/watch?v=YLt73w6criQ
gHzuabZUd6c,"Survive 100 Days In Circle, Win $500,000","I put one of my subscribers in a circle for 100 days. If he doesn't leave, he wins $500,000. But I created several problems for him along the way, starting with cutting his house in half! Watch as I make the challenges even crazier

SUB TO ALL CHANNELS
www.youtube.com/@UCX6OQ3DkcsbYNE6H8uQQuVA
www.youtube.com/@UC4-79UOlP48-QNGgCko5p2g 
www.youtube.com/@UCIPPMRA040LQr5QPyJEbmXA 
www.youtube.com/@UCUaT_39o1x6qWjz7K2pWcgw 
www.youtube.com/@UCAiLfjNXkNv24uhpzUgPa6A 
www.youtube.com/@UCZzvDDvaYti8Dd8bLEiSoyQ 

New Merch - https://mrbeast.store/
Check out Viewstats! - https://www.viewstats.com/

For any questions or inquiries regarding this video, please reach out to chucky@mrbeastbusiness.com

Music Provided by https://www.extrememusic.com/
----------------------------------------------------------------
follow all of these or i will kick you
• Facebook - https://www.facebook.com/MrBeast/
• Twitter - https://twitter.com/MrBeast
•  Instagram - https://www.instagram.com/mrbeast
•  Im Hiring! - https://www.mrbeastjobs.com/
--------------------------------------------------------------------

Shipping Container Home Provided by XCaliber Container: https://www.xcalibercontainer.com

Get Cash Machine by Oliver Tree here: https://lickd.lnk.to/niQ4VsID!mrbeast
License ID: r5Rqad9DRze
Get this and other songs for your next YouTube video at https://lickd.co",422685318,6367687,,1030,2022-09-24,,MrBeast,UCX6OQ3DkcsbYNE6H8uQQuVA,https://www.youtube.com/channel/UCX6OQ3DkcsbYNE6H8uQQuVA,508000000,https://i.ytimg.com/vi/gHzuabZUd6c/maxresdefault.jpg,[],"[""Entertainment""]",en,False,False,100,https://youtu.be/gHzuabZUd6c,https://www.youtube.com/watch?v=gHzuabZUd6c,show,17,success,,2026-07-19T14:18:28.741605Z,https://www.youtube.com/watch?v=gHzuabZUd6c
Hwybp38GnZw,I Built Willy Wonka's Chocolate Factory!,"MILK Chocolate 🍫 Win a Tesla or be in a MrBeast video - Buy now ▸ https://feastables.com

SUBSCRIBE TO GORDON!! @gordonramsay 

SUB TO ALL CHANNELS
www.youtube.com/@UCX6OQ3DkcsbYNE6H8uQQuVA
www.youtube.com/@UC4-79UOlP48-QNGgCko5p2g 
www.youtube.com/@UCIPPMRA040LQr5QPyJEbmXA 
www.youtube.com/@UCUaT_39o1x6qWjz7K2pWcgw 
www.youtube.com/@UCAiLfjNXkNv24uhpzUgPa6A 
www.youtube.com/@UCZzvDDvaYti8Dd8bLEiSoyQ 

New Merch - https://mrbeast.store/
Check out Viewstats! - https://www.viewstats.com/

For any questions or inquiries regarding this video, please reach out to chucky@mrbeastbusiness.com

Music Provided by https://www.extrememusic.com/
----------------------------------------------------------------
follow all of these or i will kick you
• Facebook - https://www.facebook.com/MrBeast/
• Twitter - https://twitter.com/MrBeast
•  Instagram - https://www.instagram.com/mrbeast
•  Im Hiring! - https://www.mrbeastjobs.com/
--------------------------------------------------------------------",379994819,6953621,,971,2022-06-04,,MrBeast,UCX6OQ3DkcsbYNE6H8uQQuVA,https://www.youtube.com/channel/UCX6OQ3DkcsbYNE6H8uQQuVA,508000000,https://i.ytimg.com/vi/Hwybp38GnZw/maxresdefault.jpg,[],"[""Entertainment""]",en,False,False,100,https://youtu.be/Hwybp38GnZw,https://www.youtube.com/watch?v=Hwybp38GnZw,show,18,success,,2026-07-19T14:18:32.568347Z,https://www.youtube.com/watch?v=Hwybp38GnZw
0e3GPea1Tyg,"$456,000 Squid Game In Real Life!","MAKE SURE YOU WATCH UNTIL GLASS BRIDGE IT'S INSANE!

Watch Beast Games now on Prime Video!!! https://www.beastgames.com

Thank you GoPro for supplying us with cameras to get some of these shots. You can get them here: https://prf.hn/l/6bNbQB3

Shoutout to SOKRISPYMEDIA for helping with visuals!

SUB TO ALL CHANNELS
www.youtube.com/@UCX6OQ3DkcsbYNE6H8uQQuVA
www.youtube.com/@UC4-79UOlP48-QNGgCko5p2g 
www.youtube.com/@UCIPPMRA040LQr5QPyJEbmXA 
www.youtube.com/@UCUaT_39o1x6qWjz7K2pWcgw 
www.youtube.com/@UCAiLfjNXkNv24uhpzUgPa6A 
www.youtube.com/@UCZzvDDvaYti8Dd8bLEiSoyQ 

New Merch - https://mrbeast.store/
Check out Viewstats! - https://www.viewstats.com/

For any questions or inquiries regarding this video, please reach out to chucky@mrbeastbusiness.com

Music Provided by https://www.extrememusic.com/
----------------------------------------------------------------
follow all of these or i will kick you
• Facebook - https://www.facebook.com/MrBeast/
• Twitter - https://twitter.com/MrBeast
•  Instagram - https://www.instagram.com/mrbeast
•  Im Hiring! - https://www.mrbeastjobs.com/
--------------------------------------------------------------------",941775105,20070574,,1541,2021-11-24,,MrBeast,UCX6OQ3DkcsbYNE6H8uQQuVA,https://www.youtube.com/channel/UCX6OQ3DkcsbYNE6H8uQQuVA,508000000,https://i.ytimg.com/vi/0e3GPea1Tyg/maxresdefault.jpg,[],"[""Entertainment""]",en-US,False,False,100,https://youtu.be/0e3GPea1Tyg,https://www.youtube.com/watch?v=0e3GPea1Tyg,show,19,success,,2026-07-19T14:18:33.352853Z,https://www.youtube.com/watch?v=0e3GPea1Tyg
zxYjTTXc-J8,"Last To Leave Circle Wins $500,000","THIS WAS THE CRAZIEST THING IVE EVER DONE!

SUB TO ALL CHANNELS
www.youtube.com/@UCX6OQ3DkcsbYNE6H8uQQuVA
www.youtube.com/@UC4-79UOlP48-QNGgCko5p2g 
www.youtube.com/@UCIPPMRA040LQr5QPyJEbmXA 
www.youtube.com/@UCUaT_39o1x6qWjz7K2pWcgw 
www.youtube.com/@UCAiLfjNXkNv24uhpzUgPa6A 
www.youtube.com/@UCZzvDDvaYti8Dd8bLEiSoyQ 

New Merch - https://mrbeast.store/
Check out Viewstats! - https://www.viewstats.com/

For any questions or inquiries regarding this video, please reach out to chucky@mrbeastbusiness.com

Music Provided by https://www.extrememusic.com/
----------------------------------------------------------------
follow all of these or i will kick you
• Facebook - https://www.facebook.com/MrBeast/
• Twitter - https://twitter.com/MrBeast
•  Instagram - https://www.instagram.com/mrbeast
•  Im Hiring! - https://www.mrbeastjobs.com/
--------------------------------------------------------------------",560135962,7923786,,1063,2021-08-31,,MrBeast,UCX6OQ3DkcsbYNE6H8uQQuVA,https://www.youtube.com/channel/UCX6OQ3DkcsbYNE6H8uQQuVA,508000000,https://i.ytimg.com/vi/zxYjTTXc-J8/maxresdefault.jpg,[],"[""Entertainment""]",en,False,False,100,https://youtu.be/zxYjTTXc-J8,https://www.youtube.com/watch?v=zxYjTTXc-J8,show,20,success,,2026-07-19T14:18:34.019269Z,https://www.youtube.com/watch?v=zxYjTTXc-J8
fMfipiV_17o,"Would You Sit In Snakes For $10,000?","Would you sit in a tub of snakes for $10,000? 

SUB TO ALL CHANNELS
www.youtube.com/@UCX6OQ3DkcsbYNE6H8uQQuVA
www.youtube.com/@UC4-79UOlP48-QNGgCko5p2g 
www.youtube.com/@UCIPPMRA040LQr5QPyJEbmXA 
www.youtube.com/@UCUaT_39o1x6qWjz7K2pWcgw 
www.youtube.com/@UCAiLfjNXkNv24uhpzUgPa6A 
www.youtube.com/@UCZzvDDvaYti8Dd8bLEiSoyQ 

New Merch - https://mrbeast.store/
Check out Viewstats! - https://www.viewstats.com/

For any questions or inquiries regarding this video, please reach out to chucky@mrbeastbusiness.com

Music Provided by https://www.extrememusic.com/
----------------------------------------------------------------
follow all of these or i will kick you
• Facebook - https://www.facebook.com/MrBeast/
• Twitter - https://twitter.com/MrBeast
•  Instagram - https://www.instagram.com/mrbeast
•  Im Hiring! - https://www.mrbeastjobs.com/
--------------------------------------------------------------------",409942828,5793053,,846,2021-04-10,,MrBeast,UCX6OQ3DkcsbYNE6H8uQQuVA,https://www.youtube.com/channel/UCX6OQ3DkcsbYNE6H8uQQuVA,508000000,https://i.ytimg.com/vi/fMfipiV_17o/maxresdefault.jpg,[],"[""Entertainment""]",en,False,False,100,https://youtu.be/fMfipiV_17o,https://www.youtube.com/watch?v=fMfipiV_17o,show,21,success,,2026-07-19T14:18:38.624462Z,https://www.youtube.com/watch?v=fMfipiV_17o
9bqk6ZUsKyA,I Spent 50 Hours Buried Alive,"This was the most insane thing I’ve ever done

SUB TO ALL CHANNELS
www.youtube.com/@UCX6OQ3DkcsbYNE6H8uQQuVA
www.youtube.com/@UC4-79UOlP48-QNGgCko5p2g 
www.youtube.com/@UCIPPMRA040LQr5QPyJEbmXA 
www.youtube.com/@UCUaT_39o1x6qWjz7K2pWcgw 
www.youtube.com/@UCAiLfjNXkNv24uhpzUgPa6A 
www.youtube.com/@UCZzvDDvaYti8Dd8bLEiSoyQ 

New Merch - https://mrbeast.store/
Check out Viewstats! - https://www.viewstats.com/

For any questions or inquiries regarding this video, please reach out to chucky@mrbeastbusiness.com

Music Provided by https://www.extrememusic.com/
----------------------------------------------------------------
follow all of these or i will kick you
• Facebook - https://www.facebook.com/MrBeast/
• Twitter - https://twitter.com/MrBeast
•  Instagram - https://www.instagram.com/mrbeast
•  Im Hiring! - https://www.mrbeastjobs.com/
--------------------------------------------------------------------",343961714,8355027,,759,2021-03-27,,MrBeast,UCX6OQ3DkcsbYNE6H8uQQuVA,https://www.youtube.com/channel/UCX6OQ3DkcsbYNE6H8uQQuVA,508000000,https://i.ytimg.com/vi/9bqk6ZUsKyA/maxresdefault.jpg,[],"[""Entertainment""]",en,False,False,100,https://youtu.be/9bqk6ZUsKyA,https://www.youtube.com/watch?v=9bqk6ZUsKyA,show,22,success,,2026-07-19T14:18:39.243539Z,https://www.youtube.com/watch?v=9bqk6ZUsKyA
r7zJ8srwwjk,I Spent 50 Hours In Solitary Confinement,"i borderline went crazy about 30 hours in...

SUB TO ALL CHANNELS
www.youtube.com/@UCX6OQ3DkcsbYNE6H8uQQuVA
www.youtube.com/@UC4-79UOlP48-QNGgCko5p2g 
www.youtube.com/@UCIPPMRA040LQr5QPyJEbmXA 
www.youtube.com/@UCUaT_39o1x6qWjz7K2pWcgw 
www.youtube.com/@UCAiLfjNXkNv24uhpzUgPa6A 
www.youtube.com/@UCZzvDDvaYti8Dd8bLEiSoyQ 

New Merch - https://mrbeast.store/
Check out Viewstats! - https://www.viewstats.com/

For any questions or inquiries regarding this video, please reach out to chucky@mrbeastbusiness.com

Music Provided by https://www.extrememusic.com/
----------------------------------------------------------------
follow all of these or i will kick you
• Facebook - https://www.facebook.com/MrBeast/
• Twitter - https://twitter.com/MrBeast
•  Instagram - https://www.instagram.com/mrbeast
•  Im Hiring! - https://www.mrbeastjobs.com/
--------------------------------------------------------------------",344346962,5105501,,951,2020-05-30,,MrBeast,UCX6OQ3DkcsbYNE6H8uQQuVA,https://www.youtube.com/channel/UCX6OQ3DkcsbYNE6H8uQQuVA,508000000,https://i.ytimg.com/vi/r7zJ8srwwjk/maxresdefault.jpg,[],"[""Entertainment""]",en,False,False,100,https://youtu.be/r7zJ8srwwjk,https://www.youtube.com/watch?v=r7zJ8srwwjk,show,24,success,,2026-07-19T14:18:39.687475Z,https://www.youtube.com/watch?v=r7zJ8srwwjk
GLoeAJUcz38,"Press This Button To Win $100,000!","Push the red subscribe button and you could also win $100,000! (Seriously, we always fly subscribers down lol)

SUB TO ALL CHANNELS
www.youtube.com/@UCX6OQ3DkcsbYNE6H8uQQuVA
www.youtube.com/@UC4-79UOlP48-QNGgCko5p2g 
www.youtube.com/@UCIPPMRA040LQr5QPyJEbmXA 
www.youtube.com/@UCUaT_39o1x6qWjz7K2pWcgw 
www.youtube.com/@UCAiLfjNXkNv24uhpzUgPa6A 
www.youtube.com/@UCZzvDDvaYti8Dd8bLEiSoyQ 

New Merch - https://mrbeast.store/
Check out Viewstats! - https://www.viewstats.com/

For any questions or inquiries regarding this video, please reach out to chucky@mrbeastbusiness.com

Music Provided by https://www.extrememusic.com/
----------------------------------------------------------------
follow all of these or i will kick you
• Facebook - https://www.facebook.com/MrBeast/
• Twitter - https://twitter.com/MrBeast
•  Instagram - https://www.instagram.com/mrbeast
•  Im Hiring! - https://www.mrbeastjobs.com/
--------------------------------------------------------------------",368161883,4872702,,911,2020-11-14,,MrBeast,UCX6OQ3DkcsbYNE6H8uQQuVA,https://www.youtube.com/channel/UCX6OQ3DkcsbYNE6H8uQQuVA,508000000,https://i.ytimg.com/vi/GLoeAJUcz38/maxresdefault.jpg,[],"[""Entertainment""]",en,False,False,100,https://youtu.be/GLoeAJUcz38,https://www.youtube.com/watch?v=GLoeAJUcz38,show,23,success,,2026-07-19T14:18:39.733526Z,https://www.youtube.com/watch?v=GLoeAJUcz38
yXWw0_UfSFg,Anything You Can Fit In The Circle I’ll Pay For,"Watch until the end to see how much i spent

SUB TO ALL CHANNELS
www.youtube.com/@UCX6OQ3DkcsbYNE6H8uQQuVA
www.youtube.com/@UC4-79UOlP48-QNGgCko5p2g 
www.youtube.com/@UCIPPMRA040LQr5QPyJEbmXA 
www.youtube.com/@UCUaT_39o1x6qWjz7K2pWcgw 
www.youtube.com/@UCAiLfjNXkNv24uhpzUgPa6A 
www.youtube.com/@UCZzvDDvaYti8Dd8bLEiSoyQ 

New Merch - https://mrbeast.store/
Check out Viewstats! - https://www.viewstats.com/

For any questions or inquiries regarding this video, please reach out to chucky@mrbeastbusiness.com

Music Provided by https://www.extrememusic.com/
----------------------------------------------------------------
follow all of these or i will kick you
• Facebook - https://www.facebook.com/MrBeast/
• Twitter - https://twitter.com/MrBeast
•  Instagram - https://www.instagram.com/mrbeast
•  Im Hiring! - https://www.mrbeastjobs.com/
--------------------------------------------------------------------",341691344,5339020,,1182,2020-03-07,,MrBeast,UCX6OQ3DkcsbYNE6H8uQQuVA,https://www.youtube.com/channel/UCX6OQ3DkcsbYNE6H8uQQuVA,508000000,https://i.ytimg.com/vi/yXWw0_UfSFg/maxresdefault.jpg,[],"[""Entertainment""]",en,False,False,100,https://youtu.be/yXWw0_UfSFg,https://www.youtube.com/watch?v=yXWw0_UfSFg,show,25,success,,2026-07-19T14:18:45.823932Z,https://www.youtube.com/watch?v=yXWw0_UfSFg
